INSERT INTO raw.benchmarks (benchmark_code, benchmark_name, asset_class) VALUES
('SP500', 'S&P 500', 'Equity'),
('NASDAQ', 'NASDAQ 100', 'Equity'),
('AGG', 'Bloomberg US Aggregate Bond', 'Fixed Income'),
('HYBD', 'US High Yield Bond Index', 'Fixed Income'),
('MIX60', '60/40 Multi-Asset Benchmark', 'Multi-Asset');

INSERT INTO raw.advisors (advisor_id, advisor_name, team_name, region) VALUES
('ADV001', 'Emma Lawson', 'Institutional Coverage', 'North America'),
('ADV002', 'Michael Chen', 'RIA Distribution', 'North America'),
('ADV003', 'Sofia Martinez', 'Private Wealth', 'Europe'),
('ADV004', 'James Walker', 'Strategic Accounts', 'North America'),
('ADV005', 'Ava Patel', 'Institutional Coverage', 'Asia');

INSERT INTO raw.products (
    product_id, product_name, asset_class, vehicle_type, inception_date,
    benchmark_code, management_fee_bps, distribution_fee_bps, status
) VALUES
('PRD001', 'US Large Cap Core Fund', 'Equity', 'Mutual Fund', '2018-01-15', 'SP500', 45.00, 10.00, 'Active'),
('PRD002', 'US Growth Leaders ETF', 'Equity', 'ETF', '2019-06-01', 'NASDAQ', 60.00, 5.00, 'Active'),
('PRD003', 'Core Bond Income Fund', 'Fixed Income', 'Mutual Fund', '2017-09-10', 'AGG', 35.00, 8.00, 'Active'),
('PRD004', 'High Yield Opportunities Fund', 'Fixed Income', 'Mutual Fund', '2020-03-20', 'HYBD', 75.00, 12.00, 'Active'),
('PRD005', 'Balanced Allocation Portfolio', 'Multi-Asset', 'Model Portfolio', '2021-11-05', 'MIX60', 50.00, 15.00, 'Active');

INSERT INTO raw.clients (
    client_id, client_name, client_segment, region, onboarding_date, channel, advisor_id
) VALUES
('CL001', 'Northstar Pension Trust', 'Institutional', 'North America', '2023-01-10', 'Institutional', 'ADV001'),
('CL002', 'Blue Ridge Family Office', 'Private Wealth', 'North America', '2023-02-14', 'Advisor', 'ADV002'),
('CL003', 'Summit Endowment Partners', 'Institutional', 'North America', '2023-03-01', 'Institutional', 'ADV004'),
('CL004', 'Oak Line Advisory', 'RIA', 'North America', '2023-03-18', 'Advisor', 'ADV002'),
('CL005', 'Horizon Private Bank', 'Private Wealth', 'Europe', '2023-04-12', 'Private Bank', 'ADV003'),
('CL006', 'Crescent Capital Group', 'Institutional', 'Europe', '2023-05-09', 'Institutional', 'ADV003'),
('CL007', 'Meridian Wealth Partners', 'RIA', 'North America', '2023-06-21', 'Advisor', 'ADV004'),
('CL008', 'Pacific Alpha Office', 'Private Wealth', 'Asia', '2023-07-07', 'Private Bank', 'ADV005'),
('CL009', 'Granite Retirement System', 'Institutional', 'North America', '2023-08-16', 'Institutional', 'ADV001'),
('CL010', 'Atlas Advisory Network', 'RIA', 'North America', '2023-09-03', 'Advisor', 'ADV002');

INSERT INTO raw.calendar (date_day, year_num, quarter_num, month_num, month_start, month_name) VALUES
('2024-01-31', 2024, 1, 1, '2024-01-01', 'January'),
('2024-02-29', 2024, 1, 2, '2024-02-01', 'February'),
('2024-03-31', 2024, 1, 3, '2024-03-01', 'March'),
('2024-04-30', 2024, 2, 4, '2024-04-01', 'April'),
('2024-05-31', 2024, 2, 5, '2024-05-01', 'May'),
('2024-06-30', 2024, 2, 6, '2024-06-01', 'June'),
('2024-07-31', 2024, 3, 7, '2024-07-01', 'July'),
('2024-08-31', 2024, 3, 8, '2024-08-01', 'August'),
('2024-09-30', 2024, 3, 9, '2024-09-01', 'September'),
('2024-10-31', 2024, 4, 10, '2024-10-01', 'October'),
('2024-11-30', 2024, 4, 11, '2024-11-01', 'November'),
('2024-12-31', 2024, 4, 12, '2024-12-01', 'December');

INSERT INTO raw.subscriptions_redemptions (
    transaction_id, transaction_date, client_id, product_id, transaction_type, units, gross_amount_usd
) VALUES
('TX001', '2024-01-31', 'CL001', 'PRD001', 'SUBSCRIPTION', 450000.0000, 4500000.00),
('TX002', '2024-01-31', 'CL002', 'PRD002', 'SUBSCRIPTION', 120000.0000, 1800000.00),
('TX003', '2024-02-29', 'CL003', 'PRD003', 'SUBSCRIPTION', 310000.0000, 3100000.00),
('TX004', '2024-02-29', 'CL004', 'PRD001', 'SUBSCRIPTION', 85000.0000, 860000.00),
('TX005', '2024-03-31', 'CL005', 'PRD005', 'SUBSCRIPTION', 140000.0000, 1540000.00),
('TX006', '2024-03-31', 'CL006', 'PRD004', 'SUBSCRIPTION', 175000.0000, 1925000.00),
('TX007', '2024-04-30', 'CL007', 'PRD002', 'SUBSCRIPTION', 95000.0000, 1500000.00),
('TX008', '2024-04-30', 'CL008', 'PRD005', 'SUBSCRIPTION', 110000.0000, 1210000.00),
('TX009', '2024-05-31', 'CL009', 'PRD003', 'SUBSCRIPTION', 400000.0000, 4040000.00),
('TX010', '2024-05-31', 'CL010', 'PRD001', 'SUBSCRIPTION', 92000.0000, 975000.00),
('TX011', '2024-06-30', 'CL002', 'PRD002', 'REDEMPTION', 20000.0000, 315000.00),
('TX012', '2024-06-30', 'CL004', 'PRD001', 'REDEMPTION', 10000.0000, 104000.00),
('TX013', '2024-07-31', 'CL005', 'PRD005', 'SUBSCRIPTION', 45000.0000, 510000.00),
('TX014', '2024-07-31', 'CL003', 'PRD003', 'REDEMPTION', 25000.0000, 252500.00),
('TX015', '2024-08-31', 'CL006', 'PRD004', 'REDEMPTION', 30000.0000, 327000.00),
('TX016', '2024-08-31', 'CL007', 'PRD002', 'SUBSCRIPTION', 30000.0000, 495000.00),
('TX017', '2024-09-30', 'CL001', 'PRD001', 'SUBSCRIPTION', 50000.0000, 535000.00),
('TX018', '2024-09-30', 'CL008', 'PRD005', 'REDEMPTION', 15000.0000, 169500.00),
('TX019', '2024-10-31', 'CL009', 'PRD003', 'SUBSCRIPTION', 60000.0000, 612000.00),
('TX020', '2024-10-31', 'CL010', 'PRD001', 'REDEMPTION', 12000.0000, 129000.00),
('TX021', '2024-11-30', 'CL002', 'PRD002', 'SUBSCRIPTION', 25000.0000, 430000.00),
('TX022', '2024-11-30', 'CL005', 'PRD005', 'SUBSCRIPTION', 20000.0000, 232000.00),
('TX023', '2024-12-31', 'CL006', 'PRD004', 'SUBSCRIPTION', 35000.0000, 402500.00),
('TX024', '2024-12-31', 'CL001', 'PRD001', 'REDEMPTION', 15000.0000, 163500.00);

INSERT INTO raw.daily_nav (
    nav_date, product_id, nav_per_unit, benchmark_return_pct, product_return_pct
) VALUES
('2024-01-31', 'PRD001', 10.000000, 0.021000, 0.023000),
('2024-01-31', 'PRD002', 15.000000, 0.028000, 0.031000),
('2024-01-31', 'PRD003', 10.000000, 0.008000, 0.007000),
('2024-01-31', 'PRD004', 11.000000, 0.011000, 0.012000),
('2024-01-31', 'PRD005', 11.000000, 0.015000, 0.016000),

('2024-02-29', 'PRD001', 10.150000, 0.018000, 0.015000),
('2024-02-29', 'PRD002', 15.300000, 0.022000, 0.020000),
('2024-02-29', 'PRD003', 10.050000, 0.004000, 0.005000),
('2024-02-29', 'PRD004', 11.120000, 0.007000, 0.009000),
('2024-02-29', 'PRD005', 11.090000, 0.012000, 0.011000),

('2024-03-31', 'PRD001', 10.280000, 0.030000, 0.028000),
('2024-03-31', 'PRD002', 15.850000, 0.034000, 0.036000),
('2024-03-31', 'PRD003', 10.120000, 0.003000, 0.004000),
('2024-03-31', 'PRD004', 11.250000, 0.009000, 0.012000),
('2024-03-31', 'PRD005', 11.250000, 0.018000, 0.019000),

('2024-04-30', 'PRD001', 10.220000, -0.012000, -0.006000),
('2024-04-30', 'PRD002', 15.400000, -0.021000, -0.028000),
('2024-04-30', 'PRD003', 10.180000, 0.002000, 0.006000),
('2024-04-30', 'PRD004', 11.180000, -0.003000, -0.006000),
('2024-04-30', 'PRD005', 11.180000, -0.008000, -0.006000),

('2024-05-31', 'PRD001', 10.450000, 0.019000, 0.022000),
('2024-05-31', 'PRD002', 16.100000, 0.027000, 0.031000),
('2024-05-31', 'PRD003', 10.220000, 0.003000, 0.004000),
('2024-05-31', 'PRD004', 11.350000, 0.010000, 0.015000),
('2024-05-31', 'PRD005', 11.340000, 0.014000, 0.017000),

('2024-06-30', 'PRD001', 10.400000, -0.004000, -0.005000),
('2024-06-30', 'PRD002', 15.750000, -0.011000, -0.022000),
('2024-06-30', 'PRD003', 10.260000, 0.004000, 0.004000),
('2024-06-30', 'PRD004', 11.420000, 0.005000, 0.006000),
('2024-06-30', 'PRD005', 11.300000, -0.001000, -0.004000),

('2024-07-31', 'PRD001', 10.620000, 0.016000, 0.021000),
('2024-07-31', 'PRD002', 16.400000, 0.025000, 0.041000),
('2024-07-31', 'PRD003', 10.300000, 0.002000, 0.004000),
('2024-07-31', 'PRD004', 11.510000, 0.007000, 0.008000),
('2024-07-31', 'PRD005', 11.520000, 0.013000, 0.019000),

('2024-08-31', 'PRD001', 10.580000, -0.003000, -0.004000),
('2024-08-31', 'PRD002', 16.050000, -0.014000, -0.021000),
('2024-08-31', 'PRD003', 10.340000, 0.003000, 0.004000),
('2024-08-31', 'PRD004', 11.480000, -0.002000, -0.003000),
('2024-08-31', 'PRD005', 11.480000, -0.004000, -0.003000),

('2024-09-30', 'PRD001', 10.700000, 0.014000, 0.011000),
('2024-09-30', 'PRD002', 16.500000, 0.019000, 0.028000),
('2024-09-30', 'PRD003', 10.390000, 0.004000, 0.005000),
('2024-09-30', 'PRD004', 11.620000, 0.006000, 0.012000),
('2024-09-30', 'PRD005', 11.610000, 0.011000, 0.011000),

('2024-10-31', 'PRD001', 10.660000, -0.002000, -0.004000),
('2024-10-31', 'PRD002', 16.300000, -0.007000, -0.012000),
('2024-10-31', 'PRD003', 10.430000, 0.002000, 0.004000),
('2024-10-31', 'PRD004', 11.680000, 0.003000, 0.005000),
('2024-10-31', 'PRD005', 11.590000, -0.001000, -0.002000),

('2024-11-30', 'PRD001', 10.840000, 0.017000, 0.019000),
('2024-11-30', 'PRD002', 16.950000, 0.023000, 0.040000),
('2024-11-30', 'PRD003', 10.470000, 0.003000, 0.004000),
('2024-11-30', 'PRD004', 11.770000, 0.006000, 0.008000),
('2024-11-30', 'PRD005', 11.760000, 0.014000, 0.015000),

('2024-12-31', 'PRD001', 10.900000, 0.006000, 0.006000),
('2024-12-31', 'PRD002', 17.200000, 0.011000, 0.015000),
('2024-12-31', 'PRD003', 10.520000, 0.004000, 0.005000),
('2024-12-31', 'PRD004', 11.860000, 0.007000, 0.008000),
('2024-12-31', 'PRD005', 11.880000, 0.008000, 0.010000);

INSERT INTO raw.daily_positions (
    position_date, client_id, product_id, units_held, market_value_usd
) VALUES
('2024-01-31', 'CL001', 'PRD001', 450000.0000, 4500000.00),
('2024-01-31', 'CL002', 'PRD002', 120000.0000, 1800000.00),

('2024-02-29', 'CL001', 'PRD001', 450000.0000, 4567500.00),
('2024-02-29', 'CL002', 'PRD002', 120000.0000, 1836000.00),
('2024-02-29', 'CL003', 'PRD003', 310000.0000, 3115500.00),
('2024-02-29', 'CL004', 'PRD001', 85000.0000, 862750.00),

('2024-03-31', 'CL001', 'PRD001', 450000.0000, 4626000.00),
('2024-03-31', 'CL002', 'PRD002', 120000.0000, 1902000.00),
('2024-03-31', 'CL003', 'PRD003', 310000.0000, 3137200.00),
('2024-03-31', 'CL004', 'PRD001', 85000.0000, 873800.00),
('2024-03-31', 'CL005', 'PRD005', 140000.0000, 1575000.00),
('2024-03-31', 'CL006', 'PRD004', 175000.0000, 1968750.00),

('2024-04-30', 'CL001', 'PRD001', 450000.0000, 4599000.00),
('2024-04-30', 'CL002', 'PRD002', 120000.0000, 1848000.00),
('2024-04-30', 'CL003', 'PRD003', 310000.0000, 3155800.00),
('2024-04-30', 'CL004', 'PRD001', 85000.0000, 868700.00),
('2024-04-30', 'CL005', 'PRD005', 140000.0000, 1565200.00),
('2024-04-30', 'CL006', 'PRD004', 175000.0000, 1956500.00),
('2024-04-30', 'CL007', 'PRD002', 95000.0000, 1463000.00),
('2024-04-30', 'CL008', 'PRD005', 110000.0000, 1229800.00),

('2024-05-31', 'CL001', 'PRD001', 450000.0000, 4702500.00),
('2024-05-31', 'CL002', 'PRD002', 120000.0000, 1932000.00),
('2024-05-31', 'CL003', 'PRD003', 310000.0000, 3168200.00),
('2024-05-31', 'CL004', 'PRD001', 85000.0000, 888250.00),
('2024-05-31', 'CL005', 'PRD005', 140000.0000, 1587600.00),
('2024-05-31', 'CL006', 'PRD004', 175000.0000, 1986250.00),
('2024-05-31', 'CL007', 'PRD002', 95000.0000, 1529500.00),
('2024-05-31', 'CL008', 'PRD005', 110000.0000, 1247400.00),
('2024-05-31', 'CL009', 'PRD003', 400000.0000, 4088000.00),
('2024-05-31', 'CL010', 'PRD001', 92000.0000, 961400.00),

('2024-06-30', 'CL001', 'PRD001', 450000.0000, 4680000.00),
('2024-06-30', 'CL002', 'PRD002', 100000.0000, 1575000.00),
('2024-06-30', 'CL003', 'PRD003', 310000.0000, 3180600.00),
('2024-06-30', 'CL004', 'PRD001', 75000.0000, 780000.00),
('2024-06-30', 'CL005', 'PRD005', 140000.0000, 1582000.00),
('2024-06-30', 'CL006', 'PRD004', 175000.0000, 1998500.00),
('2024-06-30', 'CL007', 'PRD002', 95000.0000, 1496250.00),
('2024-06-30', 'CL008', 'PRD005', 110000.0000, 1243000.00),
('2024-06-30', 'CL009', 'PRD003', 400000.0000, 4104000.00),
('2024-06-30', 'CL010', 'PRD001', 92000.0000, 956800.00),

('2024-07-31', 'CL001', 'PRD001', 450000.0000, 4779000.00),
('2024-07-31', 'CL002', 'PRD002', 100000.0000, 1640000.00),
('2024-07-31', 'CL003', 'PRD003', 285000.0000, 2935500.00),
('2024-07-31', 'CL004', 'PRD001', 75000.0000, 796500.00),
('2024-07-31', 'CL005', 'PRD005', 185000.0000, 2131200.00),
('2024-07-31', 'CL006', 'PRD004', 175000.0000, 2014250.00),
('2024-07-31', 'CL007', 'PRD002', 125000.0000, 2050000.00),
('2024-07-31', 'CL008', 'PRD005', 110000.0000, 1267200.00),
('2024-07-31', 'CL009', 'PRD003', 400000.0000, 4120000.00),
('2024-07-31', 'CL010', 'PRD001', 92000.0000, 977040.00),

('2024-08-31', 'CL001', 'PRD001', 450000.0000, 4761000.00),
('2024-08-31', 'CL002', 'PRD002', 100000.0000, 1605000.00),
('2024-08-31', 'CL003', 'PRD003', 285000.0000, 2946900.00),
('2024-08-31', 'CL004', 'PRD001', 75000.0000, 793500.00),
('2024-08-31', 'CL005', 'PRD005', 185000.0000, 2123800.00),
('2024-08-31', 'CL006', 'PRD004', 145000.0000, 1664600.00),
('2024-08-31', 'CL007', 'PRD002', 155000.0000, 2487750.00),
('2024-08-31', 'CL008', 'PRD005', 110000.0000, 1262800.00),
('2024-08-31', 'CL009', 'PRD003', 400000.0000, 4136000.00),
('2024-08-31', 'CL010', 'PRD001', 92000.0000, 973360.00),

('2024-09-30', 'CL001', 'PRD001', 500000.0000, 5350000.00),
('2024-09-30', 'CL002', 'PRD002', 100000.0000, 1650000.00),
('2024-09-30', 'CL003', 'PRD003', 285000.0000, 2961150.00),
('2024-09-30', 'CL004', 'PRD001', 75000.0000, 802500.00),
('2024-09-30', 'CL005', 'PRD005', 185000.0000, 2147850.00),
('2024-09-30', 'CL006', 'PRD004', 145000.0000, 1684900.00),
('2024-09-30', 'CL007', 'PRD002', 155000.0000, 2557500.00),
('2024-09-30', 'CL008', 'PRD005', 95000.0000, 1102950.00),
('2024-09-30', 'CL009', 'PRD003', 400000.0000, 4156000.00),
('2024-09-30', 'CL010', 'PRD001', 92000.0000, 984400.00),

('2024-10-31', 'CL001', 'PRD001', 500000.0000, 5330000.00),
('2024-10-31', 'CL002', 'PRD002', 100000.0000, 1630000.00),
('2024-10-31', 'CL003', 'PRD003', 285000.0000, 2972550.00),
('2024-10-31', 'CL004', 'PRD001', 75000.0000, 799500.00),
('2024-10-31', 'CL005', 'PRD005', 185000.0000, 2144150.00),
('2024-10-31', 'CL006', 'PRD004', 145000.0000, 1693600.00),
('2024-10-31', 'CL007', 'PRD002', 155000.0000, 2526500.00),
('2024-10-31', 'CL008', 'PRD005', 95000.0000, 1101050.00),
('2024-10-31', 'CL009', 'PRD003', 460000.0000, 4797800.00),
('2024-10-31', 'CL010', 'PRD001', 80000.0000, 852800.00),

('2024-11-30', 'CL001', 'PRD001', 500000.0000, 5420000.00),
('2024-11-30', 'CL002', 'PRD002', 125000.0000, 2118750.00),
('2024-11-30', 'CL003', 'PRD003', 285000.0000, 2983950.00),
('2024-11-30', 'CL004', 'PRD001', 75000.0000, 813000.00),
('2024-11-30', 'CL005', 'PRD005', 205000.0000, 2410800.00),
('2024-11-30', 'CL006', 'PRD004', 145000.0000, 1706650.00),
('2024-11-30', 'CL007', 'PRD002', 155000.0000, 2627250.00),
('2024-11-30', 'CL008', 'PRD005', 95000.0000, 1117200.00),
('2024-11-30', 'CL009', 'PRD003', 460000.0000, 4816200.00),
('2024-11-30', 'CL010', 'PRD001', 80000.0000, 867200.00),

('2024-12-31', 'CL001', 'PRD001', 485000.0000, 5286500.00),
('2024-12-31', 'CL002', 'PRD002', 125000.0000, 2150000.00),
('2024-12-31', 'CL003', 'PRD003', 285000.0000, 2998200.00),
('2024-12-31', 'CL004', 'PRD001', 75000.0000, 817500.00),
('2024-12-31', 'CL005', 'PRD005', 205000.0000, 2435400.00),
('2024-12-31', 'CL006', 'PRD004', 180000.0000, 2134800.00),
('2024-12-31', 'CL007', 'PRD002', 155000.0000, 2666000.00),
('2024-12-31', 'CL008', 'PRD005', 95000.0000, 1128600.00),
('2024-12-31', 'CL009', 'PRD003', 460000.0000, 4839200.00),
('2024-12-31', 'CL010', 'PRD001', 80000.0000, 872000.00);